<?xml version="1.0" encoding="UTF-8" ?>
<!DOCTYPE mapper
PUBLIC "-//mybatis.org//DTD Mapper 3.0//EN"
"http://mybatis.org/dtd/mybatis-3-mapper.dtd">
<mapper namespace="com.mybook.mapper.AdminMapper">


<select id="category" resultType="com.mybook.dto.CategoryDTO">
select  
	category_name as categoryName,
	category_code as categoryCode,
	category_codeRef as categoryCodeRef
 	from category
</select>

<insert id="productRegister">
insert into product (product_name,product_price,product_des,product_img,
		product_pages,product_isbn,product_writer,category_code) 
	values (#{productName}, #{productPrice}, #{productDes}, #{productImg}, 
			#{productPages}, #{productIsbn}, #{productWriter},#{categoryCode})
</insert>


<update id="productUpdate">
update product 
set product_name=#{productName}, product_price=#{productPrice}, product_des=#{productDes},
	product_img=#{productImg}, product_pages=#{productPages}, product_isbn=#{productIsbn},
	product_writer=#{productWriter}, category_code=#{categoryCode} 
where product_id = #{productId}
</update>


<delete id="productDelete">
delete from product
where product_id = #{productId}
</delete>


<update id="addTracking">
update `order` set tracking = #{tracking}
where order_id = #{orderId}
</update>

<update id="shipped">
update `order` set status = '배송완료'
where order_id = #{orderId}
</update>

</mapper>