<?xml version="1.0" encoding="UTF-8" ?>
<!DOCTYPE mapper
PUBLIC "-//mybatis.org//DTD Mapper 3.0//EN"
"http://mybatis.org/dtd/mybatis-3-mapper.dtd">
<mapper namespace="com.mybook.mapper.BoardMapper">

<sql id="search">
 	<where>
 		<if test="word!=null and field=='userid'">
 		userid like CONCAT('%',#{word},'%')
 		</if>
 		<if test="word!=null and field=='status'">
 		status like CONCAT('%',#{word},'%')
 		</if>
 	</where>
</sql>

<resultMap type="com.mybook.dto.QABoardDTO" id="qaboardMap">
<id property="boardId" column="board_id"/>
<id property="userid" column="userid"/>
<id property="subject" column="subject"/>
<id property="content" column="content"/>
<id property="regdate" column="regdate"/>
<id property="status" column="status"/>
</resultMap>

<resultMap type="com.mybook.dto.QACommentDTO" id="qacommentMap">
<id property="commentId" column="comment_id"/>
<id property="content" column="content"/>
<id property="regdate" column="regdate"/>
<id property="boardId" column="board_id"/>
</resultMap>

<insert id="insert">
insert into qnaboard(userid,subject,content,regdate)
values(#{userid},#{subject},#{content},now())
</insert>

<select id="qnafindById" resultMap="qaboardMap">
select * from qnaboard where userid=#{userid}
</select>

<select id="myqnaView" resultMap="qaboardMap">
select * from qnaboard where board_id=#{boardId}
</select>

<select id="qnaAllList" resultMap="qaboardMap">
select * from qnaboard 
<include refid="search"/>
order by regdate desc limit #{startRow}, #{pageSize}
</select>

<select id="getQnaCount" resultType="int">
select count(*) from qnaboard
<include refid="search"/>
</select>

<insert id="qnaComment">
insert into qna_comment(content,regdate,board_id) values(#{content},now(),#{boardId})
</insert>

<update id="qnaReplied">
update qnaboard set status = '답변완료'
where board_id = #{boardId}
</update>

<select id="commentView" resultMap="qacommentMap">
select * from qna_comment where board_id = #{boardId}
</select>

<select id="qnaStatus" resultType="int">
select count(*) from qna_comment where board_id = #{boardId}
</select>

</mapper>