<?xml version="1.0" encoding="UTF-8" ?>
<!DOCTYPE mapper
PUBLIC "-//mybatis.org//DTD Mapper 3.0//EN"
"http://mybatis.org/dtd/mybatis-3-mapper.dtd">
<mapper namespace="com.mybook.mapper.MemberMapper">

<sql id="search">
 	<where>
 		<if test="word!=null and field=='userid'">
 		userid like CONCAT('%',#{word},'%')
 		</if>
 		<if test="word!=null and field=='grade'">
 		grade like CONCAT('%',#{word},'%')
 		</if>
 	</where>
</sql>

<resultMap type="com.mybook.dto.MemberDTO" id="memberMap">
<id property="userid" column="userid"/>
<result property="userid" column="userid"/>
<result property="userpass" column="userpass"/>
<result property="username" column="username"/>
<result property="userphone" column="userphone"/>
<result property="useremail" column="useremail"/>
<result property="useraddr1" column="useraddr1"/>
<result property="useraddr2" column="useraddr2"/>
<result property="useraddr3" column="useraddr3"/>
<result property="regdate" column="regdate"/>
<result property="profile" column="profile"/>
<result property="grade" column="grade"/>
<result property="mileage" column="mileage"/>
<collection property="authList" resultMap="authMap"/>
</resultMap>

<resultMap type="com.mybook.dto.AuthDTO" id="authMap">
<result property="userid" column="userid"/>
<result property="auth" column="auth"/>
</resultMap>

<select id="read" resultMap="memberMap">
select 
users.userid,userpass,username,userphone,useremail,useraddr1,useraddr2,useraddr3,regdate,auth
from users
left outer join auth on
users.userid=auth.userid
where users.userid=#{userid}
</select>

<insert id="memberJoin">
insert into users(userid,userpass,username,userphone,useremail,useraddr1,useraddr2,useraddr3,regdate,profile) 
values(#{userid},#{userpass},#{username},#{userphone},#{useremail},#{useraddr1},#{useraddr2},#{useraddr3},now(),#{profile})
</insert>

<insert id="authJoin">
insert into auth values(#{userid},#{auth})
</insert>

<select id="findById" parameterType="String" resultType="com.mybook.dto.MemberDTO">
select * from users where userid=#{userid}
</select>

<update id="update">
update users set username=#{username},userpass=#{userpass},userphone=#{userphone},useremail=#{useremail},
	useraddr1=#{useraddr1},useraddr2=#{useraddr2},useraddr3=#{useraddr3},profile=#{profile} 
where userid=#{userid}
</update>

<delete id="memberDelete">
delete from users where userid=#{userid}
</delete>

<delete id="authDelete">
delete from auth where userid=#{userid}
</delete>

<select id="idDuplChk" parameterType = "String" resultType="int">
select count(*) from users where userid=#{userid}
</select>


<select id="count" resultType="int">
select count(*) from users
<include refid="search"/>
</select>

<select id="findAll" resultMap="memberMap">
select * from users
<include refid="search"/>
order by regdate desc limit #{startRow}, #{pageSize}
</select>

<select id="getUserName" resultType="String">
select username from users where userid=#{userid}
</select>

<select id="getProfile" resultType="String">
select profile from users where userid=#{userid}
</select>

<update id="setBronze">
update users set grade ="bronze" where userid=#{userid}
</update>

<update id="setSilver">
update users set grade ="silver" where userid=#{userid}
</update>

<update id="setGold">
update users set grade ="gold" where userid=#{userid}
</update>

<update id="setPlatinum">
update users set grade ="platinum" where userid=#{userid}
</update>

<select id="getUserid" resultType="String">
select userid from users
</select>

</mapper>