<?xml version="1.0" encoding="UTF-8" ?>
<!DOCTYPE mapper
PUBLIC "-//mybatis.org//DTD Mapper 3.0//EN"
"http://mybatis.org/dtd/mybatis-3-mapper.dtd">
<mapper namespace="com.mybook.mapper.ProductMapper">

<sql id="search">
 	<where>
 		<if test="word!=null and field=='userid'">
 		userid like CONCAT('%',#{word},'%')
 		</if>
 		<if test="word!=null and field=='status'">
 		status like CONCAT('%',#{word},'%')
 		</if>
 		<if test="word!=null and field=='orderTitle'">
 		order_title like CONCAT('%',#{word},'%')
 		</if>
 		<if test="word!=null and field=='productName'">
 		product_name like CONCAT('%',#{word},'%')
 		</if>
 		<if test="word!=null and field=='productWriter'">
 		product_writer like CONCAT('%',#{word},'%')
 		</if>
 	</where>
</sql>


<resultMap type="com.mybook.dto.CategoryDTO" id="categoryMap">
<id property="categoryName" column="category_name"/>
<id property="categoryCode" column="category_code"/>
<id property="categoryCodeRef" column="category_codeRef"/>
</resultMap>

<resultMap type="com.mybook.dto.CartDTO" id="cartMap">
<id property="productId" column="product_id"/>
<id property="cartId" column="cart_id"/>
<id property="userid" column="userid"/>
<id property="qty" column="qty"/>
<id property="regdate" column="regdate"/>
</resultMap>

<resultMap type="com.mybook.dto.ProductDTO" id="productMap">
<id property="productId" column="product_id"/>
<id property="productName" column="product_name"/>
<id property="productPrice" column="product_price"/>
<id property="productDiscountPrice" column="product_price*0.9"/>
<id property="productDes" column="product_des"/>
<id property="productImg" column="product_img"/>
<id property="productPages" column="product_pages"/>
<id property="productIsbn" column="product_isbn"/>
<id property="productWriter" column="product_writer"/>
<id property="sales" column="sales"/>
<id property="categoryCode" column="category_code"/>
</resultMap>

<resultMap type="com.mybook.dto.CartListDTO" id="cartListMap">
	<collection property="cart" resultMap="cartMap"/>
	<collection property="product" resultMap="productMap"/>
</resultMap>

<resultMap type="com.mybook.dto.OrderDTO" id="orderMap">
<id property="orderId" column="order_id"/>
<id property="userid" column="userid"/>
<id property="status" column="status"/>
<id property="orderName" column="order_name"/>
<id property="orderAddr1" column="order_addr1"/>
<id property="orderAddr2" column="order_addr2"/>
<id property="orderAddr3" column="order_addr3"/>
<id property="orderPhone" column="order_phone"/>
<id property="totalAmount" column="total_amount"/>
<id property="payment" column="payment"/>
<id property="orderDate" column="order_date"/>
<id property="orderTitle" column="order_title"/>
</resultMap>

<resultMap type="com.mybook.dto.OrderDetailsDTO" id="orderDetailsMap">
<id property="detailsId" column="details_id"/>
<id property="orderId" column="order_id"/>
<id property="productId" column="product_id"/>
<id property="qty" column="qty"/>
</resultMap>

<resultMap type="com.mybook.dto.orderProductDTO" id="orderProductMap">
	<collection property="orderDetails" resultMap="orderDetailsMap"/>
	<collection property="product" resultMap="productMap"/>
</resultMap>

<resultMap type="com.mybook.dto.FavDTO" id="favMap">
<id property="favId" column="fav_id"/>
<id property="productId" column="product_id"/>
<id property="userid" column="userid"/>
</resultMap>

<resultMap type="com.mybook.dto.FavListDTO" id="favListMap">
	<collection property="fav" resultMap="favMap"/>
	<collection property="product" resultMap="productMap"/>
</resultMap>

<resultMap type="com.mybook.dto.ProductCategoryDTO" id="productCategoryMap">
	<collection property="category" resultMap="categoryMap"/>
	<collection property="product" resultMap="productMap"/>
</resultMap>


<select id="productAllList" resultMap="productMap">
select * from product 
<include refid="search"/>
order by product_id desc
limit #{startRow}, #{pageSize}
</select>


<select id="productList" resultMap="productMap">
select * from product 
where category_code = #{categoryCode}
order by product_id desc
limit #{startRow}, #{pageSize}
</select>


<select id="productView" resultMap="productMap">
select * from product 
where product_id = #{productId}
</select>


<insert id="reviewRegister">
insert into review (content,regdate,rating,profile,userid,product_id)
	values (#{content},now(),#{rating},#{profile},#{userid},#{productId})
</insert>

<delete id="deleteReview">
delete from review where review_id=#{reviewId}
</delete>


<select id="reviewList" resultType="com.mybook.dto.ReviewDTO">
select
	review_id as reviewId,
	content,regdate,rating,profile,userid,
	product_id as productId
from review
where product_id = #{productId}
order by regdate desc
limit #{startRow}, #{pageSize}
</select>


<insert id="addCart">
insert into cart (userid, product_id, qty, regdate)
	values(#{userid},#{productId},#{qty},now())
</insert>


<select id="cartList" resultMap="cartListMap">
select 
cart.product_id,cart_id,userid,qty,regdate,product_name,product_price,product_price*0.9,product_des,
product_img,product_pages,product_isbn,category_code
from cart
left outer join product on
cart.product_id=product.product_id
where cart.userid = #{userid}
</select>


<delete id="cartDelete">
delete from cart where cart_id=#{cartId} and userid=#{userid}
</delete>

<delete id="cartDelete2">
delete from cart where userid=#{userid} and product_id=#{productId}
</delete>


<insert id="addOrder">
insert into `order` (order_id,userid,order_name,order_addr1,order_addr2,order_addr3,order_phone,total_amount,payment,order_date,order_title)
	values(#{orderId},#{userid},#{orderName},#{orderAddr1},#{orderAddr2},#{orderAddr3},#{orderPhone},#{totalAmount},#{payment},now(),#{orderTitle})
</insert>


<insert id="addOrderDetails">
insert into order_details(order_id, product_id, qty)
values (#{orderId},#{productId},#{qty})
</insert>

<delete id="cartAllDelete">
delete from cart where userid = #{userid}
</delete>

<select id="findByCartId" resultMap="cartListMap">
select 
cart.product_id,cart_id,userid,qty,product_name,product_price,product_price*0.9
from cart
left outer join product on
cart.product_id=product.product_id
where cart.cart_id = #{cartId}
</select>

<select id="orderList" resultMap="orderMap">
select * from `order` where userid = #{userid} order by order_date desc;
</select>

<select id="orderAllList" resultMap="orderMap">
select * from `order`
<include refid="search"/>
order by order_date desc limit #{startRow}, #{pageSize}
</select>

<select id="orderView" resultMap="orderMap">
select * from `order` where order_id = #{orderId}
</select>


<select id="orderProduct" resultMap="orderProductMap">
select
order_details.product_id,qty,product_name,product_price,product_price*0.9,product_img
from order_details
left outer join product on
order_details.product_id=product.product_id
where order_details.order_id = #{orderId}
</select>

<select id="getOrderCount" resultType="int">
select count(*) from `order`
<include refid="search"/>
</select>


<select id="cartSize" resultType="int">
select count(*) from cart where userid = #{userid}
</select>


<insert id="addFav">
insert into fav(product_id,userid) values (#{productId},#{userid})
</insert>

<select id="favList" resultMap="favListMap">
select 
fav.product_id,fav_id,product_name,product_price,product_price*0.9,product_img,product_writer
from fav
left outer join product on
fav.product_id=product.product_id
where fav.userid = #{userid}
</select>

<delete id="favDelete">
delete from fav where fav_id=#{favId}
</delete>

<select id="findProductId" resultType="int">
select product_id from cart where cart_id=#{cartId}
</select>

<select id="reviewCheck" resultType="int">
select count(*) from review where userid=#{userid} and product_id=#{productId}
</select>

<select id="cartCheck" resultType="int">
select count(*) from cart where userid=#{userid} and product_id=#{productId}
</select>

<select id="favCheck" resultType="int">
select count(*) from fav where userid=#{userid} and product_id=#{productId}
</select>

<select id="getReviewStar" resultType="int">
select rating from review where product_id = #{productId}
</select>

<select id="getReviewCount" resultType="int">
select count(*) from review where product_id = #{productId}
</select>

<select id="getCategoryCount" resultType="int">
select count(*) from product where category_code =#{categoryCode}
</select>

<select id="getProductAllCount" resultType="int">
select count(*) from product
</select>

<select id="getOrderTitle" resultType="String">
select order_title from `order` where order_id=#{orderId}
</select>

<select id="getOrderDetails" resultMap="orderDetailsMap">
select * from order_details where order_id = #{orderId}
</select>

<update id="addSales">
update product set sales = sales + #{qty}
where product_id = #{productId}
</update>

<select id="getCart" resultMap="cartMap">
select * from cart where cart_id = #{cartId}
</select>

<delete id="cartDeleteByCartId">
delete from cart where cart_id = #{cartId}
</delete>

<select id="getBestSeller" resultMap="productMap">
select * from product order by sales desc limit 0,3
</select>

<select id="getLatestProducts" resultMap="productMap">
select * from product order by product_id desc limit 0,8
</select>

<select id="productCategory" resultMap="productCategoryMap">
select * from product 
inner join category on product.category_code = category.category_code
where product.product_id = #{productId}
</select>

<!-- 3개월간 주문 합계 -->
<select id="getTotalAmount" resultType="Integer">
select total_amount from `order` 
where userid=#{userid} and status="배송완료" and order_date between date_add(now(),interval -3 month ) and now();
</select>

<!-- 주문삭제(orderDetails) -->
<delete id="orderDetailsDelete">
delete from order_details where order_id=#{orderId};
</delete>

<!-- 주문삭제(order) -->
<delete id="orderDelete">
delete from `order` where order_id=#{orderId};
</delete>


</mapper>