<?xml version="1.0" encoding="UTF-8"?>
<beans xmlns="http://www.springframework.org/schema/beans"
	xmlns:xsi="http://www.w3.org/2001/XMLSchema-instance"
	xmlns:security="http://www.springframework.org/schema/security"
	xsi:schemaLocation="http://www.springframework.org/schema/security https://www.springframework.org/schema/security/spring-security.xsd
		http://www.springframework.org/schema/beans http://www.springframework.org/schema/beans/spring-beans.xsd">

<bean id="customLoginSuccess" class="com.mybook.domain.CustomLoginSuccess"></bean>
<bean id="bcryptPasswordEncoder" class="org.springframework.security.crypto.bcrypt.BCryptPasswordEncoder"></bean>
<bean id="customUserDetailsService" class="com.mybook.domain.CustomUserDetailsService"></bean>

<security:http>
	<security:intercept-url pattern="/all" access="permitAll"/>
	<security:intercept-url pattern="/manager" access="hasRole('ROLE_MANAGER')"/>
	<security:form-login login-page="/customLogin" authentication-success-handler-ref="customLoginSuccess"/>
 	<security:csrf disabled="true"/> 
 	<security:logout logout-url="/customLogout" invalidate-session="true"/>
</security:http>

<security:authentication-manager>
	<security:authentication-provider user-service-ref="customUserDetailsService">
		<security:password-encoder ref="bcryptPasswordEncoder"/>
	</security:authentication-provider>

</security:authentication-manager>

</beans>
